PRAGMA foreign_keys=OFF;
BEGIN TRANSACTION;
CREATE TABLE IF NOT EXISTS "django_migrations" ("id" integer NOT NULL PRIMARY KEY AUTOINCREMENT, "app" varchar(255) NOT NULL, "name" varchar(255) NOT NULL, "applied" datetime NOT NULL);
INSERT INTO django_migrations VALUES(1,'contenttypes','0001_initial','2023-12-14 23:55:26.366148');
INSERT INTO django_migrations VALUES(2,'auth','0001_initial','2023-12-14 23:55:26.379618');
INSERT INTO django_migrations VALUES(3,'admin','0001_initial','2023-12-14 23:55:26.391883');
INSERT INTO django_migrations VALUES(4,'admin','0002_logentry_remove_auto_add','2023-12-14 23:55:26.401885');
INSERT INTO django_migrations VALUES(5,'admin','0003_logentry_add_action_flag_choices','2023-12-14 23:55:26.407886');
INSERT INTO django_migrations VALUES(6,'contenttypes','0002_remove_content_type_name','2023-12-14 23:55:26.422890');
INSERT INTO django_migrations VALUES(7,'auth','0002_alter_permission_name_max_length','2023-12-14 23:55:26.432658');
INSERT INTO django_migrations VALUES(8,'auth','0003_alter_user_email_max_length','2023-12-14 23:55:26.442520');
INSERT INTO django_migrations VALUES(9,'auth','0004_alter_user_username_opts','2023-12-14 23:55:26.449233');
INSERT INTO django_migrations VALUES(10,'auth','0005_alter_user_last_login_null','2023-12-14 23:55:26.458521');
INSERT INTO django_migrations VALUES(11,'auth','0006_require_contenttypes_0002','2023-12-14 23:55:26.461521');
INSERT INTO django_migrations VALUES(12,'auth','0007_alter_validators_add_error_messages','2023-12-14 23:55:26.468522');
INSERT INTO django_migrations VALUES(13,'auth','0008_alter_user_username_max_length','2023-12-14 23:55:26.478842');
INSERT INTO django_migrations VALUES(14,'auth','0009_alter_user_last_name_max_length','2023-12-14 23:55:26.487961');
INSERT INTO django_migrations VALUES(15,'auth','0010_alter_group_name_max_length','2023-12-14 23:55:26.497466');
INSERT INTO django_migrations VALUES(16,'auth','0011_update_proxy_permissions','2023-12-14 23:55:26.504569');
INSERT INTO django_migrations VALUES(17,'auth','0012_alter_user_first_name_max_length','2023-12-14 23:55:26.513668');
INSERT INTO django_migrations VALUES(18,'sessions','0001_initial','2023-12-14 23:55:26.520020');
INSERT INTO django_migrations VALUES(19,'Products','0001_initial','2023-12-15 00:00:40.215001');
INSERT INTO django_migrations VALUES(20,'Products','0002_product_photo','2023-12-15 00:21:19.557508');
INSERT INTO django_migrations VALUES(21,'Products','0003_alter_product_photo','2023-12-15 00:29:33.402857');
INSERT INTO django_migrations VALUES(22,'Products','0004_alter_product_photo','2023-12-15 00:37:10.040289');
INSERT INTO django_migrations VALUES(23,'Products','0005_alter_product_options_alter_product_description','2023-12-15 21:42:26.569750');
INSERT INTO django_migrations VALUES(24,'Products','0006_alter_product_options','2023-12-15 21:54:32.940548');
INSERT INTO django_migrations VALUES(25,'Products','0007_category_slug_product_slug','2023-12-15 22:40:41.298981');
INSERT INTO django_migrations VALUES(26,'Products','0008_alter_category_slug_alter_product_slug','2023-12-15 22:43:06.863475');
CREATE TABLE IF NOT EXISTS "django_admin_log" ("id" integer NOT NULL PRIMARY KEY AUTOINCREMENT, "object_id" text NULL, "object_repr" varchar(200) NOT NULL, "action_flag" smallint unsigned NOT NULL CHECK ("action_flag" >= 0), "change_message" text NOT NULL, "content_type_id" integer NULL REFERENCES "django_content_type" ("id") DEFERRABLE INITIALLY DEFERRED, "user_id" integer NOT NULL REFERENCES "auth_user" ("id") DEFERRABLE INITIALLY DEFERRED, "action_time" datetime NOT NULL);
INSERT INTO django_admin_log VALUES(1,'1','Category object (1)',1,'[{"added": {}}]',8,1,'2023-12-15 00:09:31.959369');
INSERT INTO django_admin_log VALUES(2,'1','Pasta Dentes',1,'[{"added": {}}]',7,1,'2023-12-15 00:13:04.732983');
INSERT INTO django_admin_log VALUES(3,'1','Pasta Dentes',2,'[]',7,1,'2023-12-15 00:13:09.649774');
INSERT INTO django_admin_log VALUES(4,'1','Pasta Dentes',2,'[]',7,1,'2023-12-15 00:21:36.985871');
INSERT INTO django_admin_log VALUES(5,'1','Pasta Dentes',2,'[{"changed": {"fields": ["Photo"]}}]',7,1,'2023-12-15 00:21:48.471351');
INSERT INTO django_admin_log VALUES(6,'1','Pasta Dentes',2,'[{"changed": {"fields": ["Photo"]}}]',7,1,'2023-12-15 00:37:30.123588');
INSERT INTO django_admin_log VALUES(7,'1','Pasta Dentes',2,'[{"changed": {"fields": ["Photo"]}}]',7,1,'2023-12-15 00:37:36.586617');
INSERT INTO django_admin_log VALUES(8,'1','Pasta Dentes',2,'[{"changed": {"fields": ["Photo"]}}]',7,1,'2023-12-15 21:27:41.369681');
INSERT INTO django_admin_log VALUES(9,'1','Pasta Dentes',2,'[{"changed": {"fields": ["Photo"]}}]',7,1,'2023-12-15 21:27:48.629411');
INSERT INTO django_admin_log VALUES(10,'2','Beleza',1,'[{"added": {}}]',8,1,'2023-12-15 21:27:59.384659');
INSERT INTO django_admin_log VALUES(11,'3','.',1,'[{"added": {}}]',8,1,'2023-12-15 21:28:04.826654');
INSERT INTO django_admin_log VALUES(12,'3','Suplementos',2,'[{"changed": {"fields": ["Name"]}}]',8,1,'2023-12-15 21:28:32.916627');
INSERT INTO django_admin_log VALUES(13,'2','Elixir bucal',1,'[{"added": {}}]',7,1,'2023-12-15 21:29:44.121523');
INSERT INTO django_admin_log VALUES(14,'2','Elixir bucal',2,'[{"changed": {"fields": ["Photo"]}}]',7,1,'2023-12-15 21:29:53.959549');
INSERT INTO django_admin_log VALUES(15,'3','Perfume',1,'[{"added": {}}]',7,1,'2023-12-15 21:32:01.496450');
INSERT INTO django_admin_log VALUES(16,'4','Nivea creme',1,'[{"added": {}}]',7,1,'2023-12-15 21:32:38.854390');
INSERT INTO django_admin_log VALUES(17,'5','Vitamina C',1,'[{"added": {}}]',7,1,'2023-12-15 21:33:10.255693');
INSERT INTO django_admin_log VALUES(18,'6','Viva Melhor Omega Gold',1,'[{"added": {}}]',7,1,'2023-12-15 21:34:16.455121');
INSERT INTO django_admin_log VALUES(19,'1','Higiene Oral',2,'[{"changed": {"fields": ["Slug"]}}]',8,1,'2023-12-15 22:41:16.400297');
INSERT INTO django_admin_log VALUES(20,'3','Suplementos',2,'[{"changed": {"fields": ["Slug"]}}]',8,1,'2023-12-15 22:41:27.341379');
INSERT INTO django_admin_log VALUES(21,'2','Beleza',2,'[{"changed": {"fields": ["Slug"]}}]',8,1,'2023-12-15 22:41:39.892368');
INSERT INTO django_admin_log VALUES(22,'6','Viva Melhor Omega Gold',2,'[{"changed": {"fields": ["Slug"]}}]',7,1,'2023-12-15 22:41:55.183352');
INSERT INTO django_admin_log VALUES(23,'5','Vitamina C',2,'[{"changed": {"fields": ["Slug"]}}]',7,1,'2023-12-15 22:42:03.848345');
INSERT INTO django_admin_log VALUES(24,'4','Nivea creme',2,'[{"changed": {"fields": ["Slug"]}}]',7,1,'2023-12-15 22:42:12.248646');
INSERT INTO django_admin_log VALUES(25,'3','Perfume',2,'[{"changed": {"fields": ["Slug"]}}]',7,1,'2023-12-15 22:42:19.797376');
INSERT INTO django_admin_log VALUES(26,'3','Perfume',2,'[]',7,1,'2023-12-15 22:42:23.998117');
INSERT INTO django_admin_log VALUES(27,'2','Elixir bucal',2,'[{"changed": {"fields": ["Slug"]}}]',7,1,'2023-12-15 22:42:31.672158');
INSERT INTO django_admin_log VALUES(28,'1','Pasta Dentes',2,'[{"changed": {"fields": ["Slug"]}}]',7,1,'2023-12-15 22:42:39.537686');
INSERT INTO django_admin_log VALUES(29,'4','Veterinário',1,'[{"added": {}}]',8,1,'2023-12-16 11:50:09.299324');
INSERT INTO django_admin_log VALUES(30,'7','Desparasitante',1,'[{"added": {}}]',7,1,'2023-12-16 11:52:08.432351');
CREATE TABLE IF NOT EXISTS "django_content_type" ("id" integer NOT NULL PRIMARY KEY AUTOINCREMENT, "app_label" varchar(100) NOT NULL, "model" varchar(100) NOT NULL);
INSERT INTO django_content_type VALUES(1,'admin','logentry');
INSERT INTO django_content_type VALUES(2,'auth','permission');
INSERT INTO django_content_type VALUES(3,'auth','group');
INSERT INTO django_content_type VALUES(4,'auth','user');
INSERT INTO django_content_type VALUES(5,'contenttypes','contenttype');
INSERT INTO django_content_type VALUES(6,'sessions','session');
INSERT INTO django_content_type VALUES(7,'Products','product');
INSERT INTO django_content_type VALUES(8,'Products','category');
INSERT INTO django_content_type VALUES(9,'Users','adress');
INSERT INTO django_content_type VALUES(10,'Users','user');
CREATE TABLE IF NOT EXISTS "auth_user" ("id" integer NOT NULL PRIMARY KEY AUTOINCREMENT, "password" varchar(128) NOT NULL, "last_login" datetime NULL, "is_superuser" bool NOT NULL, "username" varchar(150) NOT NULL UNIQUE, "last_name" varchar(150) NOT NULL, "email" varchar(254) NOT NULL, "is_staff" bool NOT NULL, "is_active" bool NOT NULL, "date_joined" datetime NOT NULL, "first_name" varchar(150) NOT NULL);
INSERT INTO auth_user VALUES(1,'pbkdf2_sha256$720000$BIomEr3BWdXADcVod1LN6w$PB/QTqfPplKfT5W7N9E2m4MCGDxtWQdyz4sT7qMNdWw=','2023-12-15 00:05:52.316252',1,'admin','','admin@admin.ad',1,1,'2023-12-15 00:05:07.360752','');
CREATE TABLE IF NOT EXISTS "django_session" ("session_key" varchar(40) NOT NULL PRIMARY KEY, "session_data" text NOT NULL, "expire_date" datetime NOT NULL);
INSERT INTO django_session VALUES('j5t2dngryxj89lluy3hg6xs19lm8g5j9','.eJxVjEEOwiAQRe_C2hBAYNSl-56BzAyDVA1NSrsy3l2bdKHb_977L5VwXWpau8xpzOqirDr8boT8kLaBfMd2mzRPbZlH0puid9r1MGV5Xnf376Bir986EhUy2SNgNgDeFhAPJQsFU47h5EM8I7jgAnkyEjl6cpEZ2YmzBOr9AfrtOFU:1rDviC:CK2n2bHsEev_w7ve2uyXjANVbYxlp4nq3R3hUx-K6OM','2023-12-29 00:05:52.319436');
CREATE TABLE IF NOT EXISTS "Products_category" ("id" integer NOT NULL PRIMARY KEY AUTOINCREMENT, "name" varchar(100) NOT NULL, "slug" varchar(50) NOT NULL);
INSERT INTO Products_category VALUES(1,'Higiene Oral','higiene-oral');
INSERT INTO Products_category VALUES(2,'Beleza','Beleza');
INSERT INTO Products_category VALUES(3,'Suplementos','Suplementos');
INSERT INTO Products_category VALUES(4,'Veterinário','veterinario');
CREATE TABLE IF NOT EXISTS "Products_product" ("id" integer NOT NULL PRIMARY KEY AUTOINCREMENT, "name" varchar(100) NOT NULL, "description" varchar(1000) NOT NULL, "price" decimal NOT NULL, "stock" integer NOT NULL, "timestamp" datetime NOT NULL, "category_id" integer NOT NULL REFERENCES "Products_category" ("id") DEFERRABLE INITIALLY DEFERRED, "photo" varchar(100) NULL, "slug" varchar(50) NOT NULL);
INSERT INTO Products_product VALUES(1,'Pasta Dentes','Pasta de dentes com bom sabor',8.5199999999999995736,20,'2023-12-15 00:13:04.731984',1,'product_photos/6877567_pasta-dentifrica-fluor-calcio-colgate-50ml_550.png','Pasta-Dentes');
INSERT INTO Products_product VALUES(2,'Elixir bucal','listerine',54,4,'2023-12-15 21:29:44.120524',1,'product_photos/4958603-frente.jpg','Elixir-bucal');
INSERT INTO Products_product VALUES(3,'Perfume','Cheira bem',50,5,'2023-12-15 21:32:01.494493',2,'product_photos/78752.jpg','Perfume');
INSERT INTO Products_product VALUES(4,'Nivea creme','Hidratante, bom para o frio',5,10,'2023-12-15 21:32:38.853389',2,'product_photos/nivea-creme-creme___21.webp','Nivea-creme');
INSERT INTO Products_product VALUES(5,'Vitamina C','Bom para o Inverno',9.9900000000000002131,10,'2023-12-15 21:33:10.254358',3,'product_photos/download.png','Vitamina-C');
INSERT INTO Products_product VALUES(6,'Viva Melhor Omega Gold','Alguns chamam burla, a nossa empresa chama lucro',29.989999999999998436,100,'2023-12-15 21:34:16.454121',3,'product_photos/vivamelhor_omega_gold_produtodomes.jpg','Viva-Melhor-Omega-Gold');
INSERT INTO Products_product VALUES(7,'Desparasitante','mata pulgas e piolhos',20,50,'2023-12-16 11:52:08.431351',4,'product_photos/scalibor-coleira-antiparasitaria-para-cao-medio-e-cao-pequeno-1-coleira-48-cm.jpg','Desparasitante');
DELETE FROM sqlite_sequence;
INSERT INTO sqlite_sequence VALUES('django_migrations',26);
INSERT INTO sqlite_sequence VALUES('django_admin_log',30);
INSERT INTO sqlite_sequence VALUES('django_content_type',10);
INSERT INTO sqlite_sequence VALUES('auth_user',1);
INSERT INTO sqlite_sequence VALUES('Products_category',4);
INSERT INTO sqlite_sequence VALUES('Products_product',7);
CREATE INDEX "django_admin_log_content_type_id_c4bce8eb" ON "django_admin_log" ("content_type_id");
CREATE INDEX "django_admin_log_user_id_c564eba6" ON "django_admin_log" ("user_id");
CREATE UNIQUE INDEX "django_content_type_app_label_model_76bd3d3b_uniq" ON "django_content_type" ("app_label", "model");
CREATE INDEX "django_session_expire_date_a5c62663" ON "django_session" ("expire_date");
CREATE INDEX "Products_category_slug_a8d2c7ac" ON "Products_category" ("slug");
CREATE INDEX "Products_product_category_id_53965f09" ON "Products_product" ("category_id");
CREATE INDEX "Products_product_slug_72a89d09" ON "Products_product" ("slug");
COMMIT;
